{
	"format_version": "1.8.0",
	"animations": {
		"animation.tylo.swim": {
			"loop": true,
			"animation_length": 3,
			"blend_weight": "0.5",
			"bones": {
				"bodyhips": {
					"rotation": {
						"0.0": {
								"vector": [-0.12116, -17.48281, 0.78795]
							
						},
						"1.5": {
								"vector": [-0.65, 37.45817, -1.91699]
							
						},
						"3.0": {
								"vector": [-0.12116, -17.48281, 0.78795]
							
						}
					},
					"position": {
						"0.0": {
								"vector": [0, -1, 0]
							
						},
						"0.75": {
								"vector": [0, -2, 0]
							
						},
						"2.25": {
								"vector": [0, 2, 0]
							
						},
						"3.0": {
								"vector": [0, -1, 0]
							
						}
					}
				},
				"tail": {
					"rotation": {
						"0.0": {
								"vector": [0, 12.5, 0]
							
						},
						"1.5": {
								"vector": [0, -12.5, 0]
							
						},
						"3.0": {
								"vector": [0, 12.5, 0]
							
						}
					}
				},
				"TailSection1": {
					"rotation": {
						"0.0": {
								"vector": [0.02267, 9.99668, 0.25917]
							
						},
						"1.5": {
								"vector": [0.00561, -4.99835, -0.12859]
							
						},
						"3.0": {
								"vector": [0.02267, 9.99668, 0.25917]
							
						}
					}
				},
				"TailSection2": {
					"rotation": {
						"0.0": {
								"vector": [0.01093, 12.49961, 0.09976]
							
						},
						"1.5": {
								"vector": [0.01093, -12.49961, -0.09976]
							
						},
						"3.0": {
								"vector": [0.01093, 12.49961, 0.09976]
							
						}
					}
				},
				"TailSection3": {
					"rotation": {
						"0.0": {
								"vector": [-0.02719, 12.49757, -0.24828]
							
						},
						"1.5": {
								"vector": [-0.02719, -12.49757, 0.24828]
							
						},
						"3.0": {
								"vector": [-0.02719, 12.49757, -0.24828]
							
						}
					}
				},
				"TailSection4": {
					"rotation": {
						"0.0": {
								"vector": [-0.01064, 4.99406, -0.244]
							
						},
						"1.5": {
								"vector": [-0.00265, -2.49703, 0.12177]
							
						},
						"3.0": {
								"vector": [-0.01064, 4.99406, -0.244]
							
						}
					}
				},
				"RightBackFlipper": {
					"rotation": {
						"0.0": {
								"vector": [25.56703, 12.21227, 31.41437]
							
						},
						"1.5": {
								"vector": [0, 0, 0]
							
						},
						"3.0": {
								"vector": [25.56703, 12.21227, 31.41437]
							
						}
					}
				},
				"RightBackFlipper2": {
					"rotation": {
						"0.0": {
								"vector": [24.32969, -15.30451, -28.87312]
							
						},
						"1.5": {
								"vector": [-0.17317, -2.492, 0.26445]
							
						},
						"3.0": {
								"vector": [24.32969, -15.30451, -28.87312]
							
						}
					}
				},
				"body": {
					"rotation": {
						"0.0": {
								"vector": [0.09187, 9.94466, 1.05591]
							
						},
						"1.5": {
								"vector": [0.09187, -9.94466, -1.05591]
							
						},
						"3.0": {
								"vector": [0.09187, 9.94466, 1.05591]
							
						}
					}
				},
				"body2": {
					"rotation": {
						"0.0": {
								"vector": [0.0598, 7.44378, 0.9192]
							
						},
						"1.5": {
								"vector": [0.0598, -7.44378, -0.9192]
							
						},
						"3.0": {
								"vector": [0.0598, 7.44378, 0.9192]
							
						}
					}
				},
				"NeckBase": {
					"rotation": {
						"0.0": {
								"vector": [-0.10317, 14.97993, -0.7847]
							
						},
						"1.5": {
								"vector": [-0.07101, -12.4834, 0.64925]
							
						},
						"3.0": {
								"vector": [-0.10317, 14.97993, -0.7847]
							
						}
					}
				},
				"Neck2": {
					"rotation": {
						"0.0": {
								"vector": [-0.00279, -2.49673, 0.12787]
							
						},
						"1.5": {
								"vector": [-0.04512, -9.98679, 0.5164]
							
						},
						"3.0": {
								"vector": [-0.00279, -2.49673, 0.12787]
							
						}
					}
				},
				"head": {
					"rotation": {
						"0.0": {
								"vector": [0.12076, -12.45167, -1.10693]
							
						},
						"1.5": {
								"vector": [0, 0, 0]
							
						},
						"3.0": {
								"vector": [0.12076, -12.45167, -1.10693]
							
						}
					}
				},
				"jawLower1": {
					"rotation": {
						"0.0": {
								"vector": [15, 0, 0]
							
						},
						"1.5": {
								"vector": [5, 0, 0]
							
						},
						"3.0": {
								"vector": [15, 0, 0]
							
						}
					}
				},
				"RightFrontFlipper2": {
					"rotation": {
						"0.0": {
								"vector": [26.96777, 25.25573, 24.80718]
							
						},
						"1.5": {
								"vector": [1.93547, -2.24676, 2.22445]
							
						},
						"3.0": {
								"vector": [26.96777, 25.25573, 24.80718]
							
						}
					}
				},
				"RightFrontFlipper4": {
					"rotation": {
						"0.0": {
								"vector": [50.55609, -22.30289, -49.05965]
							
						},
						"1.5": {
								"vector": [-2.28232, -2.20499, 2.56846]
							
						},
						"3.0": {
								"vector": [50.55609, -22.30289, -49.05965]
							
						}
					}
				}
			}
		},
		"animation.tylo.idle": {
			"loop": true,
			"animation_length": 3,
			"blend_weight": "0.125",
			"bones": {
				"bodyhips": {
					"rotation": {
						"0.0": {
								"vector": [-0.12116, -17.48281, 0.78795]
							
						},
						"1.5": {
								"vector": [-0.65, 37.45817, -1.91699]
							
						},
						"3.0": {
								"vector": [-0.12116, -17.48281, 0.78795]
							
						}
					},
					"position": {
						"0.0": {
								"vector": [0, -1, 0]
							
						},
						"0.75": {
								"vector": [0, -2, 0]
							
						},
						"2.25": {
								"vector": [0, 2, 0]
							
						},
						"3.0": {
								"vector": [0, -1, 0]
							
						}
					}
				},
				"tail": {
					"rotation": {
						"0.0": {
								"vector": [0, 12.5, 0]
							
						},
						"1.5": {
								"vector": [0, -12.5, 0]
							
						},
						"3.0": {
								"vector": [0, 12.5, 0]
							
						}
					}
				},
				"TailSection1": {
					"rotation": {
						"0.0": {
								"vector": [0.02267, 9.99668, 0.25917]
							
						},
						"1.5": {
								"vector": [0.00561, -4.99835, -0.12859]
							
						},
						"3.0": {
								"vector": [0.02267, 9.99668, 0.25917]
							
						}
					}
				},
				"TailSection2": {
					"rotation": {
						"0.0": {
								"vector": [0.01093, 12.49961, 0.09976]
							
						},
						"1.5": {
								"vector": [0.01093, -12.49961, -0.09976]
							
						},
						"3.0": {
								"vector": [0.01093, 12.49961, 0.09976]
							
						}
					}
				},
				"TailSection3": {
					"rotation": {
						"0.0": {
								"vector": [-0.02719, 12.49757, -0.24828]
							
						},
						"1.5": {
								"vector": [-0.02719, -12.49757, 0.24828]
							
						},
						"3.0": {
								"vector": [-0.02719, 12.49757, -0.24828]
							
						}
					}
				},
				"TailSection4": {
					"rotation": {
						"0.0": {
								"vector": [-0.01064, 4.99406, -0.244]
							
						},
						"1.5": {
								"vector": [-0.00265, -2.49703, 0.12177]
							
						},
						"3.0": {
								"vector": [-0.01064, 4.99406, -0.244]
							
						}
					}
				},
				"RightBackFlipper": {
					"rotation": {
						"0.0": {
								"vector": [25.56703, 12.21227, 31.41437]
							
						},
						"1.5": {
								"vector": [0, 0, 0]
							
						},
						"3.0": {
								"vector": [25.56703, 12.21227, 31.41437]
							
						}
					}
				},
				"RightBackFlipper2": {
					"rotation": {
						"0.0": {
								"vector": [24.32969, -15.30451, -28.87312]
							
						},
						"1.5": {
								"vector": [-0.17317, -2.492, 0.26445]
							
						},
						"3.0": {
								"vector": [24.32969, -15.30451, -28.87312]
							
						}
					}
				},
				"body": {
					"rotation": {
						"0.0": {
								"vector": [0.09187, 9.94466, 1.05591]
							
						},
						"1.5": {
								"vector": [0.09187, -9.94466, -1.05591]
							
						},
						"3.0": {
								"vector": [0.09187, 9.94466, 1.05591]
							
						}
					}
				},